Region,Crop,Year,Production,Area Harvested,Yield,Fertilizer Used (kg/ha),Irrigation,Farming_Intensity,NDVI,Soil_Moisture,Date_x,Commodity,Price_USD,Date_y,City,Temperature_C,Humidity,Wind_Speed,Timestamp,Weather_Impact_Score,Profitability
Balochistan,Wheat,2023,3666.46,1827.58858,4.957355327203894,178,1,89.5,0.6,21.3,2024-04-01T00:00:00Z,Wheat,300.0,2025-04-10T15:38:14.088910,Lahore,30.0,55,4.5,2025-04-10T15:38:10.900480,27.15,1487.2065981611681
Balochistan,Wheat,2023,3666.46,1827.58858,4.957355327203894,178,1,89.5,0.6,21.3,2024-04-01T00:00:00Z,Wheat,300.0,2025-04-10T15:38:14.088910,Lahore,30.0,55,4.5,2025-04-10T15:38:10.900480,27.15,1487.2065981611681
Balochistan,Wheat,2023,3666.46,1827.58858,4.957355327203894,178,1,89.5,0.6,21.3,2024-04-01T00:00:00Z,Wheat,300.0,2025-04-10T15:38:14.088910,Lahore,30.0,55,4.5,2025-04-10T15:38:10.900480,27.15,1487.2065981611681
Balochistan,Wheat,2023,3666.46,1827.58858,4.957355327203894,178,1,89.5,0.6,21.3,2024-04-01T00:00:00Z,Wheat,300.0,2025-04-10T15:38:14.088910,Lahore,30.0,55,4.5,2025-04-10T15:38:10.900480,27.15,1487.2065981611681
Balochistan,Wheat,2023,3666.46,1827.58858,4.957355327203894,178,1,89.5,0.6,21.3,2024-04-01T00:00:00Z,Wheat,300.0,2025-04-10T15:38:14.088910,Lahore,30.0,55,4.5,2025-04-10T15:38:10.900480,27.15,1487.2065981611681
Balochistan,Wheat,2023,3666.46,1827.58858,4.957355327203894,178,1,89.5,0.6,21.3,2024-04-01T00:00:00Z,Wheat,300.0,2025-04-10T15:38:14.088910,Lahore,30.0,55,4.5,2025-04-10T15:38:10.900480,27.15,1487.2065981611681
Balochistan,Wheat,2023,3666.46,1827.58858,4.957355327203894,178,1,89.5,0.6,21.3,2024-04-01T00:00:00Z,Wheat,300.0,2025-04-10T15:38:14.088910,Lahore,30.0,55,4.5,2025-04-10T15:38:10.900480,27.15,1487.2065981611681
Balochistan,Wheat,2023,3666.46,1827.58858,4.957355327203894,178,1,89.5,0.6,21.3,2024-04-01T00:00:00Z,Wheat,300.0,2025-04-10T15:38:14.088910,Lahore,30.0,55,4.5,2025-04-10T15:38:10.900480,27.15,1487.2065981611681
Balochistan,Wheat,2023,3666.46,1827.58858,4.957355327203894,178,1,89.5,0.6,21.3,2024-04-01T00:00:00Z,Wheat,300.0,2025-04-10T15:38:14.088910,Lahore,30.0,55,4.5,2025-04-10T15:38:10.900480,27.15,1487.2065981611681
KPK,Wheat,2019,2487.4,493.71579,12.44944944944945,60,0,30.0,0.55,18.9,2024-04-01T00:00:00Z,Wheat,300.0,2025-04-10T15:38:14.088910,Lahore,30.0,55,4.5,2025-04-10T15:38:10.900480,27.15,3734.834834834835
KPK,Wheat,2019,2487.4,493.71579,12.44944944944945,60,0,30.0,0.55,18.9,2024-04-01T00:00:00Z,Wheat,300.0,2025-04-10T15:38:14.088910,Lahore,30.0,55,4.5,2025-04-10T15:38:10.900480,27.15,3734.834834834835
KPK,Wheat,2019,2487.4,493.71579,12.44944944944945,60,0,30.0,0.55,18.9,2024-04-01T00:00:00Z,Wheat,300.0,2025-04-10T15:38:14.088910,Lahore,30.0,55,4.5,2025-04-10T15:38:10.900480,27.15,3734.834834834835
KPK,Wheat,2019,2487.4,493.71579,12.44944944944945,60,0,30.0,0.55,18.9,2024-04-01T00:00:00Z,Wheat,300.0,2025-04-10T15:38:14.088910,Lahore,30.0,55,4.5,2025-04-10T15:38:10.900480,27.15,3734.834834834835
KPK,Wheat,2019,2487.4,493.71579,12.44944944944945,60,0,30.0,0.55,18.9,2024-04-01T00:00:00Z,Wheat,300.0,2025-04-10T15:38:14.088910,Lahore,30.0,55,4.5,2025-04-10T15:38:10.900480,27.15,3734.834834834835
KPK,Wheat,2019,2487.4,493.71579,12.44944944944945,60,0,30.0,0.55,18.9,2024-04-01T00:00:00Z,Wheat,300.0,2025-04-10T15:38:14.088910,Lahore,30.0,55,4.5,2025-04-10T15:38:10.900480,27.15,3734.834834834835
KPK,Wheat,2019,2487.4,493.71579,12.44944944944945,60,0,30.0,0.55,18.9,2024-04-01T00:00:00Z,Wheat,300.0,2025-04-10T15:38:14.088910,Lahore,30.0,55,4.5,2025-04-10T15:38:10.900480,27.15,3734.834834834835
KPK,Wheat,2019,2487.4,493.71579,12.44944944944945,60,0,30.0,0.55,18.9,2024-04-01T00:00:00Z,Wheat,300.0,2025-04-10T15:38:14.088910,Lahore,30.0,55,4.5,2025-04-10T15:38:10.900480,27.15,3734.834834834835
KPK,Wheat,2019,2487.4,493.71579,12.44944944944945,60,0,30.0,0.55,18.9,2024-04-01T00:00:00Z,Wheat,300.0,2025-04-10T15:38:14.088910,Lahore,30.0,55,4.5,2025-04-10T15:38:10.900480,27.15,3734.834834834835
Punjab,Rice,2016,1140.73,1224.15817,2.3026443278159063,131,0,65.5,0.65,20.5,2024-04-01T00:00:00Z,Wheat,300.0,2025-04-10T15:38:14.088910,Lahore,30.0,55,4.5,2025-04-10T15:38:10.900480,27.15,690.7932983447719
Punjab,Rice,2016,1140.73,1224.15817,2.3026443278159063,131,0,65.5,0.65,20.5,2024-04-01T00:00:00Z,Wheat,300.0,2025-04-10T15:38:14.088910,Lahore,30.0,55,4.5,2025-04-10T15:38:10.900480,27.15,690.7932983447719
Punjab,Rice,2016,1140.73,1224.15817,2.3026443278159063,131,0,65.5,0.65,20.5,2024-04-01T00:00:00Z,Wheat,300.0,2025-04-10T15:38:14.088910,Lahore,30.0,55,4.5,2025-04-10T15:38:10.900480,27.15,690.7932983447719
Punjab,Rice,2016,1140.73,1224.15817,2.3026443278159063,131,0,65.5,0.65,20.5,2024-04-01T00:00:00Z,Wheat,300.0,2025-04-10T15:38:14.088910,Lahore,30.0,55,4.5,2025-04-10T15:38:10.900480,27.15,690.7932983447719
Punjab,Rice,2016,1140.73,1224.15817,2.3026443278159063,131,0,65.5,0.65,20.5,2024-04-01T00:00:00Z,Wheat,300.0,2025-04-10T15:38:14.088910,Lahore,30.0,55,4.5,2025-04-10T15:38:10.900480,27.15,690.7932983447719
Punjab,Rice,2016,1140.73,1224.15817,2.3026443278159063,131,0,65.5,0.65,20.5,2024-04-01T00:00:00Z,Wheat,300.0,2025-04-10T15:38:14.088910,Lahore,30.0,55,4.5,2025-04-10T15:38:10.900480,27.15,690.7932983447719
Punjab,Rice,2016,1140.73,1224.15817,2.3026443278159063,131,0,65.5,0.65,20.5,2024-04-01T00:00:00Z,Wheat,300.0,2025-04-10T15:38:14.088910,Lahore,30.0,55,4.5,2025-04-10T15:38:10.900480,27.15,690.7932983447719
Punjab,Rice,2016,1140.73,1224.15817,2.3026443278159063,131,0,65.5,0.65,20.5,2024-04-01T00:00:00Z,Wheat,300.0,2025-04-10T15:38:14.088910,Lahore,30.0,55,4.5,2025-04-10T15:38:10.900480,27.15,690.7932983447719
Punjab,Rice,2016,1140.73,1224.15817,2.3026443278159063,131,0,65.5,0.65,20.5,2024-04-01T00:00:00Z,Wheat,300.0,2025-04-10T15:38:14.088910,Lahore,30.0,55,4.5,2025-04-10T15:38:10.900480,27.15,690.7932983447719
Balochistan,Rice,2018,4810.61,695.7241275,17.08616586751909,178,1,89.5,0.6,21.3,2024-04-01T00:00:00Z,Wheat,300.0,2025-04-10T15:38:14.088910,Lahore,30.0,55,4.5,2025-04-10T15:38:10.900480,27.15,5125.849760255726
Balochistan,Rice,2018,4810.61,695.7241275,17.08616586751909,178,1,89.5,0.6,21.3,2024-04-01T00:00:00Z,Wheat,300.0,2025-04-10T15:38:14.088910,Lahore,30.0,55,4.5,2025-04-10T15:38:10.900480,27.15,5125.849760255726
Balochistan,Rice,2018,4810.61,695.7241275,17.08616586751909,178,1,89.5,0.6,21.3,2024-04-01T00:00:00Z,Wheat,300.0,2025-04-10T15:38:14.088910,Lahore,30.0,55,4.5,2025-04-10T15:38:10.900480,27.15,5125.849760255726
Balochistan,Rice,2018,4810.61,695.7241275,17.08616586751909,178,1,89.5,0.6,21.3,2024-04-01T00:00:00Z,Wheat,300.0,2025-04-10T15:38:14.088910,Lahore,30.0,55,4.5,2025-04-10T15:38:10.900480,27.15,5125.849760255726
Balochistan,Rice,2018,4810.61,695.7241275,17.08616586751909,178,1,89.5,0.6,21.3,2024-04-01T00:00:00Z,Wheat,300.0,2025-04-10T15:38:14.088910,Lahore,30.0,55,4.5,2025-04-10T15:38:10.900480,27.15,5125.849760255726
Balochistan,Rice,2018,4810.61,695.7241275,17.08616586751909,178,1,89.5,0.6,21.3,2024-04-01T00:00:00Z,Wheat,300.0,2025-04-10T15:38:14.088910,Lahore,30.0,55,4.5,2025-04-10T15:38:10.900480,27.15,5125.849760255726
Balochistan,Rice,2018,4810.61,695.7241275,17.08616586751909,178,1,89.5,0.6,21.3,2024-04-01T00:00:00Z,Wheat,300.0,2025-04-10T15:38:14.088910,Lahore,30.0,55,4.5,2025-04-10T15:38:10.900480,27.15,5125.849760255726
Balochistan,Rice,2018,4810.61,695.7241275,17.08616586751909,178,1,89.5,0.6,21.3,2024-04-01T00:00:00Z,Wheat,300.0,2025-04-10T15:38:14.088910,Lahore,30.0,55,4.5,2025-04-10T15:38:10.900480,27.15,5125.849760255726
Balochistan,Rice,2018,4810.61,695.7241275,17.08616586751909,178,1,89.5,0.6,21.3,2024-04-01T00:00:00Z,Wheat,300.0,2025-04-10T15:38:14.088910,Lahore,30.0,55,4.5,2025-04-10T15:38:10.900480,27.15,5125.849760255726
Balochistan,Wheat,2021,4553.93,2239.2407995000003,5.025358920314725,178,1,89.5,0.6,21.3,2024-04-01T00:00:00Z,Wheat,300.0,2025-04-10T15:38:14.088910,Lahore,30.0,55,4.5,2025-04-10T15:38:10.900480,27.15,1507.6076760944175
Balochistan,Wheat,2021,4553.93,2239.2407995000003,5.025358920314725,178,1,89.5,0.6,21.3,2024-04-01T00:00:00Z,Wheat,300.0,2025-04-10T15:38:14.088910,Lahore,30.0,55,4.5,2025-04-10T15:38:10.900480,27.15,1507.6076760944175
Balochistan,Wheat,2021,4553.93,2239.2407995000003,5.025358920314725,178,1,89.5,0.6,21.3,2024-04-01T00:00:00Z,Wheat,300.0,2025-04-10T15:38:14.088910,Lahore,30.0,55,4.5,2025-04-10T15:38:10.900480,27.15,1507.6076760944175
Balochistan,Wheat,2021,4553.93,2239.2407995000003,5.025358920314725,178,1,89.5,0.6,21.3,2024-04-01T00:00:00Z,Wheat,300.0,2025-04-10T15:38:14.088910,Lahore,30.0,55,4.5,2025-04-10T15:38:10.900480,27.15,1507.6076760944175
Balochistan,Wheat,2021,4553.93,2239.2407995000003,5.025358920314725,178,1,89.5,0.6,21.3,2024-04-01T00:00:00Z,Wheat,300.0,2025-04-10T15:38:14.088910,Lahore,30.0,55,4.5,2025-04-10T15:38:10.900480,27.15,1507.6076760944175
Balochistan,Wheat,2021,4553.93,2239.2407995000003,5.025358920314725,178,1,89.5,0.6,21.3,2024-04-01T00:00:00Z,Wheat,300.0,2025-04-10T15:38:14.088910,Lahore,30.0,55,4.5,2025-04-10T15:38:10.900480,27.15,1507.6076760944175
Balochistan,Wheat,2021,4553.93,2239.2407995000003,5.025358920314725,178,1,89.5,0.6,21.3,2024-04-01T00:00:00Z,Wheat,300.0,2025-04-10T15:38:14.088910,Lahore,30.0,55,4.5,2025-04-10T15:38:10.900480,27.15,1507.6076760944175
Balochistan,Wheat,2021,4553.93,2239.2407995000003,5.025358920314725,178,1,89.5,0.6,21.3,2024-04-01T00:00:00Z,Wheat,300.0,2025-04-10T15:38:14.088910,Lahore,30.0,55,4.5,2025-04-10T15:38:10.900480,27.15,1507.6076760944175
Balochistan,Wheat,2021,4553.93,2239.2407995000003,5.025358920314725,178,1,89.5,0.6,21.3,2024-04-01T00:00:00Z,Wheat,300.0,2025-04-10T15:38:14.088910,Lahore,30.0,55,4.5,2025-04-10T15:38:10.900480,27.15,1507.6076760944175
KPK,Wheat,2022,3641.39,1304.2943215,6.898793172044028,60,0,30.0,0.55,18.9,2024-04-01T00:00:00Z,Wheat,300.0,2025-04-10T15:38:14.088910,Lahore,30.0,55,4.5,2025-04-10T15:38:10.900480,27.15,2069.6379516132083
KPK,Wheat,2022,3641.39,1304.2943215,6.898793172044028,60,0,30.0,0.55,18.9,2024-04-01T00:00:00Z,Wheat,300.0,2025-04-10T15:38:14.088910,Lahore,30.0,55,4.5,2025-04-10T15:38:10.900480,27.15,2069.6379516132083
KPK,Wheat,2022,3641.39,1304.2943215,6.898793172044028,60,0,30.0,0.55,18.9,2024-04-01T00:00:00Z,Wheat,300.0,2025-04-10T15:38:14.088910,Lahore,30.0,55,4.5,2025-04-10T15:38:10.900480,27.15,2069.6379516132083
KPK,Wheat,2022,3641.39,1304.2943215,6.898793172044028,60,0,30.0,0.55,18.9,2024-04-01T00:00:00Z,Wheat,300.0,2025-04-10T15:38:14.088910,Lahore,30.0,55,4.5,2025-04-10T15:38:10.900480,27.15,2069.6379516132083
KPK,Wheat,2022,3641.39,1304.2943215,6.898793172044028,60,0,30.0,0.55,18.9,2024-04-01T00:00:00Z,Wheat,300.0,2025-04-10T15:38:14.088910,Lahore,30.0,55,4.5,2025-04-10T15:38:10.900480,27.15,2069.6379516132083
KPK,Wheat,2022,3641.39,1304.2943215,6.898793172044028,60,0,30.0,0.55,18.9,2024-04-01T00:00:00Z,Wheat,300.0,2025-04-10T15:38:14.088910,Lahore,30.0,55,4.5,2025-04-10T15:38:10.900480,27.15,2069.6379516132083
KPK,Wheat,2022,3641.39,1304.2943215,6.898793172044028,60,0,30.0,0.55,18.9,2024-04-01T00:00:00Z,Wheat,300.0,2025-04-10T15:38:14.088910,Lahore,30.0,55,4.5,2025-04-10T15:38:10.900480,27.15,2069.6379516132083
KPK,Wheat,2022,3641.39,1304.2943215,6.898793172044028,60,0,30.0,0.55,18.9,2024-04-01T00:00:00Z,Wheat,300.0,2025-04-10T15:38:14.088910,Lahore,30.0,55,4.5,2025-04-10T15:38:10.900480,27.15,2069.6379516132083
KPK,Wheat,2022,3641.39,1304.2943215,6.898793172044028,60,0,30.0,0.55,18.9,2024-04-01T00:00:00Z,Wheat,300.0,2025-04-10T15:38:14.088910,Lahore,30.0,55,4.5,2025-04-10T15:38:10.900480,27.15,2069.6379516132083
Punjab,Maize,2015,2789.58,1793.883458,3.842608408176759,131,0,65.5,0.65,20.5,2024-04-01T00:00:00Z,Wheat,300.0,2025-04-10T15:38:14.088910,Lahore,30.0,55,4.5,2025-04-10T15:38:10.900480,27.15,1152.7825224530277
Punjab,Maize,2015,2789.58,1793.883458,3.842608408176759,131,0,65.5,0.65,20.5,2024-04-01T00:00:00Z,Wheat,300.0,2025-04-10T15:38:14.088910,Lahore,30.0,55,4.5,2025-04-10T15:38:10.900480,27.15,1152.7825224530277
Punjab,Maize,2015,2789.58,1793.883458,3.842608408176759,131,0,65.5,0.65,20.5,2024-04-01T00:00:00Z,Wheat,300.0,2025-04-10T15:38:14.088910,Lahore,30.0,55,4.5,2025-04-10T15:38:10.900480,27.15,1152.7825224530277
Punjab,Maize,2015,2789.58,1793.883458,3.842608408176759,131,0,65.5,0.65,20.5,2024-04-01T00:00:00Z,Wheat,300.0,2025-04-10T15:38:14.088910,Lahore,30.0,55,4.5,2025-04-10T15:38:10.900480,27.15,1152.7825224530277
Punjab,Maize,2015,2789.58,1793.883458,3.842608408176759,131,0,65.5,0.65,20.5,2024-04-01T00:00:00Z,Wheat,300.0,2025-04-10T15:38:14.088910,Lahore,30.0,55,4.5,2025-04-10T15:38:10.900480,27.15,1152.7825224530277
Punjab,Maize,2015,2789.58,1793.883458,3.842608408176759,131,0,65.5,0.65,20.5,2024-04-01T00:00:00Z,Wheat,300.0,2025-04-10T15:38:14.088910,Lahore,30.0,55,4.5,2025-04-10T15:38:10.900480,27.15,1152.7825224530277
Punjab,Maize,2015,2789.58,1793.883458,3.842608408176759,131,0,65.5,0.65,20.5,2024-04-01T00:00:00Z,Wheat,300.0,2025-04-10T15:38:14.088910,Lahore,30.0,55,4.5,2025-04-10T15:38:10.900480,27.15,1152.7825224530277
Punjab,Maize,2015,2789.58,1793.883458,3.842608408176759,131,0,65.5,0.65,20.5,2024-04-01T00:00:00Z,Wheat,300.0,2025-04-10T15:38:14.088910,Lahore,30.0,55,4.5,2025-04-10T15:38:10.900480,27.15,1152.7825224530277
Punjab,Maize,2015,2789.58,1793.883458,3.842608408176759,131,0,65.5,0.65,20.5,2024-04-01T00:00:00Z,Wheat,300.0,2025-04-10T15:38:14.088910,Lahore,30.0,55,4.5,2025-04-10T15:38:10.900480,27.15,1152.7825224530277
Balochistan,Rice,2022,6453.64,1447.689353,11.015669272522446,178,1,89.5,0.6,21.3,2024-04-01T00:00:00Z,Wheat,300.0,2025-04-10T15:38:14.088910,Lahore,30.0,55,4.5,2025-04-10T15:38:10.900480,27.15,3304.7007817567337
Balochistan,Rice,2022,6453.64,1447.689353,11.015669272522446,178,1,89.5,0.6,21.3,2024-04-01T00:00:00Z,Wheat,300.0,2025-04-10T15:38:14.088910,Lahore,30.0,55,4.5,2025-04-10T15:38:10.900480,27.15,3304.7007817567337
Balochistan,Rice,2022,6453.64,1447.689353,11.015669272522446,178,1,89.5,0.6,21.3,2024-04-01T00:00:00Z,Wheat,300.0,2025-04-10T15:38:14.088910,Lahore,30.0,55,4.5,2025-04-10T15:38:10.900480,27.15,3304.7007817567337
Balochistan,Rice,2022,6453.64,1447.689353,11.015669272522446,178,1,89.5,0.6,21.3,2024-04-01T00:00:00Z,Wheat,300.0,2025-04-10T15:38:14.088910,Lahore,30.0,55,4.5,2025-04-10T15:38:10.900480,27.15,3304.7007817567337
Balochistan,Rice,2022,6453.64,1447.689353,11.015669272522446,178,1,89.5,0.6,21.3,2024-04-01T00:00:00Z,Wheat,300.0,2025-04-10T15:38:14.088910,Lahore,30.0,55,4.5,2025-04-10T15:38:10.900480,27.15,3304.7007817567337
Balochistan,Rice,2022,6453.64,1447.689353,11.015669272522446,178,1,89.5,0.6,21.3,2024-04-01T00:00:00Z,Wheat,300.0,2025-04-10T15:38:14.088910,Lahore,30.0,55,4.5,2025-04-10T15:38:10.900480,27.15,3304.7007817567337
Balochistan,Rice,2022,6453.64,1447.689353,11.015669272522446,178,1,89.5,0.6,21.3,2024-04-01T00:00:00Z,Wheat,300.0,2025-04-10T15:38:14.088910,Lahore,30.0,55,4.5,2025-04-10T15:38:10.900480,27.15,3304.7007817567337
Balochistan,Rice,2022,6453.64,1447.689353,11.015669272522446,178,1,89.5,0.6,21.3,2024-04-01T00:00:00Z,Wheat,300.0,2025-04-10T15:38:14.088910,Lahore,30.0,55,4.5,2025-04-10T15:38:10.900480,27.15,3304.7007817567337
Balochistan,Rice,2022,6453.64,1447.689353,11.015669272522446,178,1,89.5,0.6,21.3,2024-04-01T00:00:00Z,Wheat,300.0,2025-04-10T15:38:14.088910,Lahore,30.0,55,4.5,2025-04-10T15:38:10.900480,27.15,3304.7007817567337
Balochistan,Maize,2018,9336.71,698.7140979999999,33.019910878483515,178,1,89.5,0.6,21.3,2024-04-01T00:00:00Z,Wheat,300.0,2025-04-10T15:38:14.088910,Lahore,30.0,55,4.5,2025-04-10T15:38:10.900480,27.15,9905.973263545055
Balochistan,Maize,2018,9336.71,698.7140979999999,33.019910878483515,178,1,89.5,0.6,21.3,2024-04-01T00:00:00Z,Wheat,300.0,2025-04-10T15:38:14.088910,Lahore,30.0,55,4.5,2025-04-10T15:38:10.900480,27.15,9905.973263545055
Balochistan,Maize,2018,9336.71,698.7140979999999,33.019910878483515,178,1,89.5,0.6,21.3,2024-04-01T00:00:00Z,Wheat,300.0,2025-04-10T15:38:14.088910,Lahore,30.0,55,4.5,2025-04-10T15:38:10.900480,27.15,9905.973263545055
Balochistan,Maize,2018,9336.71,698.7140979999999,33.019910878483515,178,1,89.5,0.6,21.3,2024-04-01T00:00:00Z,Wheat,300.0,2025-04-10T15:38:14.088910,Lahore,30.0,55,4.5,2025-04-10T15:38:10.900480,27.15,9905.973263545055
Balochistan,Maize,2018,9336.71,698.7140979999999,33.019910878483515,178,1,89.5,0.6,21.3,2024-04-01T00:00:00Z,Wheat,300.0,2025-04-10T15:38:14.088910,Lahore,30.0,55,4.5,2025-04-10T15:38:10.900480,27.15,9905.973263545055
Balochistan,Maize,2018,9336.71,698.7140979999999,33.019910878483515,178,1,89.5,0.6,21.3,2024-04-01T00:00:00Z,Wheat,300.0,2025-04-10T15:38:14.088910,Lahore,30.0,55,4.5,2025-04-10T15:38:10.900480,27.15,9905.973263545055
Balochistan,Maize,2018,9336.71,698.7140979999999,33.019910878483515,178,1,89.5,0.6,21.3,2024-04-01T00:00:00Z,Wheat,300.0,2025-04-10T15:38:14.088910,Lahore,30.0,55,4.5,2025-04-10T15:38:10.900480,27.15,9905.973263545055
Balochistan,Maize,2018,9336.71,698.7140979999999,33.019910878483515,178,1,89.5,0.6,21.3,2024-04-01T00:00:00Z,Wheat,300.0,2025-04-10T15:38:14.088910,Lahore,30.0,55,4.5,2025-04-10T15:38:10.900480,27.15,9905.973263545055
Balochistan,Maize,2018,9336.71,698.7140979999999,33.019910878483515,178,1,89.5,0.6,21.3,2024-04-01T00:00:00Z,Wheat,300.0,2025-04-10T15:38:14.088910,Lahore,30.0,55,4.5,2025-04-10T15:38:10.900480,27.15,9905.973263545055
Balochistan,Rice,2016,6859.69,2343.9638985,7.231611794596075,178,1,89.5,0.6,21.3,2024-04-01T00:00:00Z,Wheat,300.0,2025-04-10T15:38:14.088910,Lahore,30.0,55,4.5,2025-04-10T15:38:10.900480,27.15,2169.4835383788227
Balochistan,Rice,2016,6859.69,2343.9638985,7.231611794596075,178,1,89.5,0.6,21.3,2024-04-01T00:00:00Z,Wheat,300.0,2025-04-10T15:38:14.088910,Lahore,30.0,55,4.5,2025-04-10T15:38:10.900480,27.15,2169.4835383788227
Balochistan,Rice,2016,6859.69,2343.9638985,7.231611794596075,178,1,89.5,0.6,21.3,2024-04-01T00:00:00Z,Wheat,300.0,2025-04-10T15:38:14.088910,Lahore,30.0,55,4.5,2025-04-10T15:38:10.900480,27.15,2169.4835383788227
Balochistan,Rice,2016,6859.69,2343.9638985,7.231611794596075,178,1,89.5,0.6,21.3,2024-04-01T00:00:00Z,Wheat,300.0,2025-04-10T15:38:14.088910,Lahore,30.0,55,4.5,2025-04-10T15:38:10.900480,27.15,2169.4835383788227
Balochistan,Rice,2016,6859.69,2343.9638985,7.231611794596075,178,1,89.5,0.6,21.3,2024-04-01T00:00:00Z,Wheat,300.0,2025-04-10T15:38:14.088910,Lahore,30.0,55,4.5,2025-04-10T15:38:10.900480,27.15,2169.4835383788227
Balochistan,Rice,2016,6859.69,2343.9638985,7.231611794596075,178,1,89.5,0.6,21.3,2024-04-01T00:00:00Z,Wheat,300.0,2025-04-10T15:38:14.088910,Lahore,30.0,55,4.5,2025-04-10T15:38:10.900480,27.15,2169.4835383788227
Balochistan,Rice,2016,6859.69,2343.9638985,7.231611794596075,178,1,89.5,0.6,21.3,2024-04-01T00:00:00Z,Wheat,300.0,2025-04-10T15:38:14.088910,Lahore,30.0,55,4.5,2025-04-10T15:38:10.900480,27.15,2169.4835383788227
Balochistan,Rice,2016,6859.69,2343.9638985,7.231611794596075,178,1,89.5,0.6,21.3,2024-04-01T00:00:00Z,Wheat,300.0,2025-04-10T15:38:14.088910,Lahore,30.0,55,4.5,2025-04-10T15:38:10.900480,27.15,2169.4835383788227
Balochistan,Rice,2016,6859.69,2343.9638985,7.231611794596075,178,1,89.5,0.6,21.3,2024-04-01T00:00:00Z,Wheat,300.0,2025-04-10T15:38:14.088910,Lahore,30.0,55,4.5,2025-04-10T15:38:10.900480,27.15,2169.4835383788227
Balochistan,Rice,2020,9234.64,1578.951529,14.452158127014929,178,1,89.5,0.6,21.3,2024-04-01T00:00:00Z,Wheat,300.0,2025-04-10T15:38:14.088910,Lahore,30.0,55,4.5,2025-04-10T15:38:10.900480,27.15,4335.647438104479
Balochistan,Rice,2020,9234.64,1578.951529,14.452158127014929,178,1,89.5,0.6,21.3,2024-04-01T00:00:00Z,Wheat,300.0,2025-04-10T15:38:14.088910,Lahore,30.0,55,4.5,2025-04-10T15:38:10.900480,27.15,4335.647438104479
Balochistan,Rice,2020,9234.64,1578.951529,14.452158127014929,178,1,89.5,0.6,21.3,2024-04-01T00:00:00Z,Wheat,300.0,2025-04-10T15:38:14.088910,Lahore,30.0,55,4.5,2025-04-10T15:38:10.900480,27.15,4335.647438104479
Balochistan,Rice,2020,9234.64,1578.951529,14.452158127014929,178,1,89.5,0.6,21.3,2024-04-01T00:00:00Z,Wheat,300.0,2025-04-10T15:38:14.088910,Lahore,30.0,55,4.5,2025-04-10T15:38:10.900480,27.15,4335.647438104479
Balochistan,Rice,2020,9234.64,1578.951529,14.452158127014929,178,1,89.5,0.6,21.3,2024-04-01T00:00:00Z,Wheat,300.0,2025-04-10T15:38:14.088910,Lahore,30.0,55,4.5,2025-04-10T15:38:10.900480,27.15,4335.647438104479
Balochistan,Rice,2020,9234.64,1578.951529,14.452158127014929,178,1,89.5,0.6,21.3,2024-04-01T00:00:00Z,Wheat,300.0,2025-04-10T15:38:14.088910,Lahore,30.0,55,4.5,2025-04-10T15:38:10.900480,27.15,4335.647438104479
Balochistan,Rice,2020,9234.64,1578.951529,14.452158127014929,178,1,89.5,0.6,21.3,2024-04-01T00:00:00Z,Wheat,300.0,2025-04-10T15:38:14.088910,Lahore,30.0,55,4.5,2025-04-10T15:38:10.900480,27.15,4335.647438104479
Balochistan,Rice,2020,9234.64,1578.951529,14.452158127014929,178,1,89.5,0.6,21.3,2024-04-01T00:00:00Z,Wheat,300.0,2025-04-10T15:38:14.088910,Lahore,30.0,55,4.5,2025-04-10T15:38:10.900480,27.15,4335.647438104479
Balochistan,Rice,2020,9234.64,1578.951529,14.452158127014929,178,1,89.5,0.6,21.3,2024-04-01T00:00:00Z,Wheat,300.0,2025-04-10T15:38:14.088910,Lahore,30.0,55,4.5,2025-04-10T15:38:10.900480,27.15,4335.647438104479
KPK,Maize,2020,8650.35,1792.2772754999999,11.926417669686067,60,0,30.0,0.55,18.9,2024-04-01T00:00:00Z,Wheat,300.0,2025-04-10T15:38:14.088910,Lahore,30.0,55,4.5,2025-04-10T15:38:10.900480,27.15,3577.92530090582
KPK,Maize,2020,8650.35,1792.2772754999999,11.926417669686067,60,0,30.0,0.55,18.9,2024-04-01T00:00:00Z,Wheat,300.0,2025-04-10T15:38:14.088910,Lahore,30.0,55,4.5,2025-04-10T15:38:10.900480,27.15,3577.92530090582
KPK,Maize,2020,8650.35,1792.2772754999999,11.926417669686067,60,0,30.0,0.55,18.9,2024-04-01T00:00:00Z,Wheat,300.0,2025-04-10T15:38:14.088910,Lahore,30.0,55,4.5,2025-04-10T15:38:10.900480,27.15,3577.92530090582
KPK,Maize,2020,8650.35,1792.2772754999999,11.926417669686067,60,0,30.0,0.55,18.9,2024-04-01T00:00:00Z,Wheat,300.0,2025-04-10T15:38:14.088910,Lahore,30.0,55,4.5,2025-04-10T15:38:10.900480,27.15,3577.92530090582
KPK,Maize,2020,8650.35,1792.2772754999999,11.926417669686067,60,0,30.0,0.55,18.9,2024-04-01T00:00:00Z,Wheat,300.0,2025-04-10T15:38:14.088910,Lahore,30.0,55,4.5,2025-04-10T15:38:10.900480,27.15,3577.92530090582
KPK,Maize,2020,8650.35,1792.2772754999999,11.926417669686067,60,0,30.0,0.55,18.9,2024-04-01T00:00:00Z,Wheat,300.0,2025-04-10T15:38:14.088910,Lahore,30.0,55,4.5,2025-04-10T15:38:10.900480,27.15,3577.92530090582
KPK,Maize,2020,8650.35,1792.2772754999999,11.926417669686067,60,0,30.0,0.55,18.9,2024-04-01T00:00:00Z,Wheat,300.0,2025-04-10T15:38:14.088910,Lahore,30.0,55,4.5,2025-04-10T15:38:10.900480,27.15,3577.92530090582
KPK,Maize,2020,8650.35,1792.2772754999999,11.926417669686067,60,0,30.0,0.55,18.9,2024-04-01T00:00:00Z,Wheat,300.0,2025-04-10T15:38:14.088910,Lahore,30.0,55,4.5,2025-04-10T15:38:10.900480,27.15,3577.92530090582
KPK,Maize,2020,8650.35,1792.2772754999999,11.926417669686067,60,0,30.0,0.55,18.9,2024-04-01T00:00:00Z,Wheat,300.0,2025-04-10T15:38:14.088910,Lahore,30.0,55,4.5,2025-04-10T15:38:10.900480,27.15,3577.92530090582
Punjab,Rice,2018,5045.06,2205.214441,5.653235023867686,131,0,65.5,0.65,20.5,2024-04-01T00:00:00Z,Wheat,300.0,2025-04-10T15:38:14.088910,Lahore,30.0,55,4.5,2025-04-10T15:38:10.900480,27.15,1695.9705071603057
Punjab,Rice,2018,5045.06,2205.214441,5.653235023867686,131,0,65.5,0.65,20.5,2024-04-01T00:00:00Z,Wheat,300.0,2025-04-10T15:38:14.088910,Lahore,30.0,55,4.5,2025-04-10T15:38:10.900480,27.15,1695.9705071603057
Punjab,Rice,2018,5045.06,2205.214441,5.653235023867686,131,0,65.5,0.65,20.5,2024-04-01T00:00:00Z,Wheat,300.0,2025-04-10T15:38:14.088910,Lahore,30.0,55,4.5,2025-04-10T15:38:10.900480,27.15,1695.9705071603057
Punjab,Rice,2018,5045.06,2205.214441,5.653235023867686,131,0,65.5,0.65,20.5,2024-04-01T00:00:00Z,Wheat,300.0,2025-04-10T15:38:14.088910,Lahore,30.0,55,4.5,2025-04-10T15:38:10.900480,27.15,1695.9705071603057
Punjab,Rice,2018,5045.06,2205.214441,5.653235023867686,131,0,65.5,0.65,20.5,2024-04-01T00:00:00Z,Wheat,300.0,2025-04-10T15:38:14.088910,Lahore,30.0,55,4.5,2025-04-10T15:38:10.900480,27.15,1695.9705071603057
Punjab,Rice,2018,5045.06,2205.214441,5.653235023867686,131,0,65.5,0.65,20.5,2024-04-01T00:00:00Z,Wheat,300.0,2025-04-10T15:38:14.088910,Lahore,30.0,55,4.5,2025-04-10T15:38:10.900480,27.15,1695.9705071603057
Punjab,Rice,2018,5045.06,2205.214441,5.653235023867686,131,0,65.5,0.65,20.5,2024-04-01T00:00:00Z,Wheat,300.0,2025-04-10T15:38:14.088910,Lahore,30.0,55,4.5,2025-04-10T15:38:10.900480,27.15,1695.9705071603057
Punjab,Rice,2018,5045.06,2205.214441,5.653235023867686,131,0,65.5,0.65,20.5,2024-04-01T00:00:00Z,Wheat,300.0,2025-04-10T15:38:14.088910,Lahore,30.0,55,4.5,2025-04-10T15:38:10.900480,27.15,1695.9705071603057
Punjab,Rice,2018,5045.06,2205.214441,5.653235023867686,131,0,65.5,0.65,20.5,2024-04-01T00:00:00Z,Wheat,300.0,2025-04-10T15:38:14.088910,Lahore,30.0,55,4.5,2025-04-10T15:38:10.900480,27.15,1695.9705071603057
KPK,Maize,2016,4337.36,904.5772734999999,11.84844428661185,60,0,30.0,0.55,18.9,2024-04-01T00:00:00Z,Wheat,300.0,2025-04-10T15:38:14.088910,Lahore,30.0,55,4.5,2025-04-10T15:38:10.900480,27.15,3554.533285983555
KPK,Maize,2016,4337.36,904.5772734999999,11.84844428661185,60,0,30.0,0.55,18.9,2024-04-01T00:00:00Z,Wheat,300.0,2025-04-10T15:38:14.088910,Lahore,30.0,55,4.5,2025-04-10T15:38:10.900480,27.15,3554.533285983555
KPK,Maize,2016,4337.36,904.5772734999999,11.84844428661185,60,0,30.0,0.55,18.9,2024-04-01T00:00:00Z,Wheat,300.0,2025-04-10T15:38:14.088910,Lahore,30.0,55,4.5,2025-04-10T15:38:10.900480,27.15,3554.533285983555
KPK,Maize,2016,4337.36,904.5772734999999,11.84844428661185,60,0,30.0,0.55,18.9,2024-04-01T00:00:00Z,Wheat,300.0,2025-04-10T15:38:14.088910,Lahore,30.0,55,4.5,2025-04-10T15:38:10.900480,27.15,3554.533285983555
KPK,Maize,2016,4337.36,904.5772734999999,11.84844428661185,60,0,30.0,0.55,18.9,2024-04-01T00:00:00Z,Wheat,300.0,2025-04-10T15:38:14.088910,Lahore,30.0,55,4.5,2025-04-10T15:38:10.900480,27.15,3554.533285983555
KPK,Maize,2016,4337.36,904.5772734999999,11.84844428661185,60,0,30.0,0.55,18.9,2024-04-01T00:00:00Z,Wheat,300.0,2025-04-10T15:38:14.088910,Lahore,30.0,55,4.5,2025-04-10T15:38:10.900480,27.15,3554.533285983555
KPK,Maize,2016,4337.36,904.5772734999999,11.84844428661185,60,0,30.0,0.55,18.9,2024-04-01T00:00:00Z,Wheat,300.0,2025-04-10T15:38:14.088910,Lahore,30.0,55,4.5,2025-04-10T15:38:10.900480,27.15,3554.533285983555
KPK,Maize,2016,4337.36,904.5772734999999,11.84844428661185,60,0,30.0,0.55,18.9,2024-04-01T00:00:00Z,Wheat,300.0,2025-04-10T15:38:14.088910,Lahore,30.0,55,4.5,2025-04-10T15:38:10.900480,27.15,3554.533285983555
KPK,Maize,2016,4337.36,904.5772734999999,11.84844428661185,60,0,30.0,0.55,18.9,2024-04-01T00:00:00Z,Wheat,300.0,2025-04-10T15:38:14.088910,Lahore,30.0,55,4.5,2025-04-10T15:38:10.900480,27.15,3554.533285983555
KPK,Wheat,2016,7019.57,481.706487,36.008874525495024,60,0,30.0,0.55,18.9,2024-04-01T00:00:00Z,Wheat,300.0,2025-04-10T15:38:14.088910,Lahore,30.0,55,4.5,2025-04-10T15:38:10.900480,27.15,10802.662357648507
KPK,Wheat,2016,7019.57,481.706487,36.008874525495024,60,0,30.0,0.55,18.9,2024-04-01T00:00:00Z,Wheat,300.0,2025-04-10T15:38:14.088910,Lahore,30.0,55,4.5,2025-04-10T15:38:10.900480,27.15,10802.662357648507
KPK,Wheat,2016,7019.57,481.706487,36.008874525495024,60,0,30.0,0.55,18.9,2024-04-01T00:00:00Z,Wheat,300.0,2025-04-10T15:38:14.088910,Lahore,30.0,55,4.5,2025-04-10T15:38:10.900480,27.15,10802.662357648507
KPK,Wheat,2016,7019.57,481.706487,36.008874525495024,60,0,30.0,0.55,18.9,2024-04-01T00:00:00Z,Wheat,300.0,2025-04-10T15:38:14.088910,Lahore,30.0,55,4.5,2025-04-10T15:38:10.900480,27.15,10802.662357648507
KPK,Wheat,2016,7019.57,481.706487,36.008874525495024,60,0,30.0,0.55,18.9,2024-04-01T00:00:00Z,Wheat,300.0,2025-04-10T15:38:14.088910,Lahore,30.0,55,4.5,2025-04-10T15:38:10.900480,27.15,10802.662357648507
KPK,Wheat,2016,7019.57,481.706487,36.008874525495024,60,0,30.0,0.55,18.9,2024-04-01T00:00:00Z,Wheat,300.0,2025-04-10T15:38:14.088910,Lahore,30.0,55,4.5,2025-04-10T15:38:10.900480,27.15,10802.662357648507
KPK,Wheat,2016,7019.57,481.706487,36.008874525495024,60,0,30.0,0.55,18.9,2024-04-01T00:00:00Z,Wheat,300.0,2025-04-10T15:38:14.088910,Lahore,30.0,55,4.5,2025-04-10T15:38:10.900480,27.15,10802.662357648507
KPK,Wheat,2016,7019.57,481.706487,36.008874525495024,60,0,30.0,0.55,18.9,2024-04-01T00:00:00Z,Wheat,300.0,2025-04-10T15:38:14.088910,Lahore,30.0,55,4.5,2025-04-10T15:38:10.900480,27.15,10802.662357648507
KPK,Wheat,2016,7019.57,481.706487,36.008874525495024,60,0,30.0,0.55,18.9,2024-04-01T00:00:00Z,Wheat,300.0,2025-04-10T15:38:14.088910,Lahore,30.0,55,4.5,2025-04-10T15:38:10.900480,27.15,10802.662357648507
Balochistan,Maize,2018,6993.3,1262.410024,13.688733166301285,178,1,89.5,0.6,21.3,2024-04-01T00:00:00Z,Wheat,300.0,2025-04-10T15:38:14.088910,Lahore,30.0,55,4.5,2025-04-10T15:38:10.900480,27.15,4106.619949890385
Balochistan,Maize,2018,6993.3,1262.410024,13.688733166301285,178,1,89.5,0.6,21.3,2024-04-01T00:00:00Z,Wheat,300.0,2025-04-10T15:38:14.088910,Lahore,30.0,55,4.5,2025-04-10T15:38:10.900480,27.15,4106.619949890385
Balochistan,Maize,2018,6993.3,1262.410024,13.688733166301285,178,1,89.5,0.6,21.3,2024-04-01T00:00:00Z,Wheat,300.0,2025-04-10T15:38:14.088910,Lahore,30.0,55,4.5,2025-04-10T15:38:10.900480,27.15,4106.619949890385
Balochistan,Maize,2018,6993.3,1262.410024,13.688733166301285,178,1,89.5,0.6,21.3,2024-04-01T00:00:00Z,Wheat,300.0,2025-04-10T15:38:14.088910,Lahore,30.0,55,4.5,2025-04-10T15:38:10.900480,27.15,4106.619949890385
Balochistan,Maize,2018,6993.3,1262.410024,13.688733166301285,178,1,89.5,0.6,21.3,2024-04-01T00:00:00Z,Wheat,300.0,2025-04-10T15:38:14.088910,Lahore,30.0,55,4.5,2025-04-10T15:38:10.900480,27.15,4106.619949890385
Balochistan,Maize,2018,6993.3,1262.410024,13.688733166301285,178,1,89.5,0.6,21.3,2024-04-01T00:00:00Z,Wheat,300.0,2025-04-10T15:38:14.088910,Lahore,30.0,55,4.5,2025-04-10T15:38:10.900480,27.15,4106.619949890385
Balochistan,Maize,2018,6993.3,1262.410024,13.688733166301285,178,1,89.5,0.6,21.3,2024-04-01T00:00:00Z,Wheat,300.0,2025-04-10T15:38:14.088910,Lahore,30.0,55,4.5,2025-04-10T15:38:10.900480,27.15,4106.619949890385
Balochistan,Maize,2018,6993.3,1262.410024,13.688733166301285,178,1,89.5,0.6,21.3,2024-04-01T00:00:00Z,Wheat,300.0,2025-04-10T15:38:14.088910,Lahore,30.0,55,4.5,2025-04-10T15:38:10.900480,27.15,4106.619949890385
Balochistan,Maize,2018,6993.3,1262.410024,13.688733166301285,178,1,89.5,0.6,21.3,2024-04-01T00:00:00Z,Wheat,300.0,2025-04-10T15:38:14.088910,Lahore,30.0,55,4.5,2025-04-10T15:38:10.900480,27.15,4106.619949890385
Sindh,Wheat,2022,6321.68,732.9134300000001,21.313823331085636,153,1,77.0,0.7,22.1,2024-04-01T00:00:00Z,Wheat,300.0,2025-04-10T15:38:14.088910,Lahore,30.0,55,4.5,2025-04-10T15:38:10.900480,27.15,6394.146999325691
Sindh,Wheat,2022,6321.68,732.9134300000001,21.313823331085636,153,1,77.0,0.7,22.1,2024-04-01T00:00:00Z,Wheat,300.0,2025-04-10T15:38:14.088910,Lahore,30.0,55,4.5,2025-04-10T15:38:10.900480,27.15,6394.146999325691
Sindh,Wheat,2022,6321.68,732.9134300000001,21.313823331085636,153,1,77.0,0.7,22.1,2024-04-01T00:00:00Z,Wheat,300.0,2025-04-10T15:38:14.088910,Lahore,30.0,55,4.5,2025-04-10T15:38:10.900480,27.15,6394.146999325691
Sindh,Wheat,2022,6321.68,732.9134300000001,21.313823331085636,153,1,77.0,0.7,22.1,2024-04-01T00:00:00Z,Wheat,300.0,2025-04-10T15:38:14.088910,Lahore,30.0,55,4.5,2025-04-10T15:38:10.900480,27.15,6394.146999325691
Sindh,Wheat,2022,6321.68,732.9134300000001,21.313823331085636,153,1,77.0,0.7,22.1,2024-04-01T00:00:00Z,Wheat,300.0,2025-04-10T15:38:14.088910,Lahore,30.0,55,4.5,2025-04-10T15:38:10.900480,27.15,6394.146999325691
Sindh,Wheat,2022,6321.68,732.9134300000001,21.313823331085636,153,1,77.0,0.7,22.1,2024-04-01T00:00:00Z,Wheat,300.0,2025-04-10T15:38:14.088910,Lahore,30.0,55,4.5,2025-04-10T15:38:10.900480,27.15,6394.146999325691
Sindh,Wheat,2022,6321.68,732.9134300000001,21.313823331085636,153,1,77.0,0.7,22.1,2024-04-01T00:00:00Z,Wheat,300.0,2025-04-10T15:38:14.088910,Lahore,30.0,55,4.5,2025-04-10T15:38:10.900480,27.15,6394.146999325691
Sindh,Wheat,2022,6321.68,732.9134300000001,21.313823331085636,153,1,77.0,0.7,22.1,2024-04-01T00:00:00Z,Wheat,300.0,2025-04-10T15:38:14.088910,Lahore,30.0,55,4.5,2025-04-10T15:38:10.900480,27.15,6394.146999325691
Sindh,Wheat,2022,6321.68,732.9134300000001,21.313823331085636,153,1,77.0,0.7,22.1,2024-04-01T00:00:00Z,Wheat,300.0,2025-04-10T15:38:14.088910,Lahore,30.0,55,4.5,2025-04-10T15:38:10.900480,27.15,6394.146999325691
Punjab,Maize,2021,3472.5,1173.402803,7.312681632481152,131,0,65.5,0.65,20.5,2024-04-01T00:00:00Z,Wheat,300.0,2025-04-10T15:38:14.088910,Lahore,30.0,55,4.5,2025-04-10T15:38:10.900480,27.15,2193.8044897443456
Punjab,Maize,2021,3472.5,1173.402803,7.312681632481152,131,0,65.5,0.65,20.5,2024-04-01T00:00:00Z,Wheat,300.0,2025-04-10T15:38:14.088910,Lahore,30.0,55,4.5,2025-04-10T15:38:10.900480,27.15,2193.8044897443456
Punjab,Maize,2021,3472.5,1173.402803,7.312681632481152,131,0,65.5,0.65,20.5,2024-04-01T00:00:00Z,Wheat,300.0,2025-04-10T15:38:14.088910,Lahore,30.0,55,4.5,2025-04-10T15:38:10.900480,27.15,2193.8044897443456
Punjab,Maize,2021,3472.5,1173.402803,7.312681632481152,131,0,65.5,0.65,20.5,2024-04-01T00:00:00Z,Wheat,300.0,2025-04-10T15:38:14.088910,Lahore,30.0,55,4.5,2025-04-10T15:38:10.900480,27.15,2193.8044897443456
Punjab,Maize,2021,3472.5,1173.402803,7.312681632481152,131,0,65.5,0.65,20.5,2024-04-01T00:00:00Z,Wheat,300.0,2025-04-10T15:38:14.088910,Lahore,30.0,55,4.5,2025-04-10T15:38:10.900480,27.15,2193.8044897443456
Punjab,Maize,2021,3472.5,1173.402803,7.312681632481152,131,0,65.5,0.65,20.5,2024-04-01T00:00:00Z,Wheat,300.0,2025-04-10T15:38:14.088910,Lahore,30.0,55,4.5,2025-04-10T15:38:10.900480,27.15,2193.8044897443456
Punjab,Maize,2021,3472.5,1173.402803,7.312681632481152,131,0,65.5,0.65,20.5,2024-04-01T00:00:00Z,Wheat,300.0,2025-04-10T15:38:14.088910,Lahore,30.0,55,4.5,2025-04-10T15:38:10.900480,27.15,2193.8044897443456
Punjab,Maize,2021,3472.5,1173.402803,7.312681632481152,131,0,65.5,0.65,20.5,2024-04-01T00:00:00Z,Wheat,300.0,2025-04-10T15:38:14.088910,Lahore,30.0,55,4.5,2025-04-10T15:38:10.900480,27.15,2193.8044897443456
Punjab,Maize,2021,3472.5,1173.402803,7.312681632481152,131,0,65.5,0.65,20.5,2024-04-01T00:00:00Z,Wheat,300.0,2025-04-10T15:38:14.088910,Lahore,30.0,55,4.5,2025-04-10T15:38:10.900480,27.15,2193.8044897443456
Sindh,Maize,2023,6051.19,2211.4661975,6.761483881781104,153,1,77.0,0.7,22.1,2024-04-01T00:00:00Z,Wheat,300.0,2025-04-10T15:38:14.088910,Lahore,30.0,55,4.5,2025-04-10T15:38:10.900480,27.15,2028.4451645343313
Sindh,Maize,2023,6051.19,2211.4661975,6.761483881781104,153,1,77.0,0.7,22.1,2024-04-01T00:00:00Z,Wheat,300.0,2025-04-10T15:38:14.088910,Lahore,30.0,55,4.5,2025-04-10T15:38:10.900480,27.15,2028.4451645343313
Sindh,Maize,2023,6051.19,2211.4661975,6.761483881781104,153,1,77.0,0.7,22.1,2024-04-01T00:00:00Z,Wheat,300.0,2025-04-10T15:38:14.088910,Lahore,30.0,55,4.5,2025-04-10T15:38:10.900480,27.15,2028.4451645343313
Sindh,Maize,2023,6051.19,2211.4661975,6.761483881781104,153,1,77.0,0.7,22.1,2024-04-01T00:00:00Z,Wheat,300.0,2025-04-10T15:38:14.088910,Lahore,30.0,55,4.5,2025-04-10T15:38:10.900480,27.15,2028.4451645343313
Sindh,Maize,2023,6051.19,2211.4661975,6.761483881781104,153,1,77.0,0.7,22.1,2024-04-01T00:00:00Z,Wheat,300.0,2025-04-10T15:38:14.088910,Lahore,30.0,55,4.5,2025-04-10T15:38:10.900480,27.15,2028.4451645343313
Sindh,Maize,2023,6051.19,2211.4661975,6.761483881781104,153,1,77.0,0.7,22.1,2024-04-01T00:00:00Z,Wheat,300.0,2025-04-10T15:38:14.088910,Lahore,30.0,55,4.5,2025-04-10T15:38:10.900480,27.15,2028.4451645343313
Sindh,Maize,2023,6051.19,2211.4661975,6.761483881781104,153,1,77.0,0.7,22.1,2024-04-01T00:00:00Z,Wheat,300.0,2025-04-10T15:38:14.088910,Lahore,30.0,55,4.5,2025-04-10T15:38:10.900480,27.15,2028.4451645343313
Sindh,Maize,2023,6051.19,2211.4661975,6.761483881781104,153,1,77.0,0.7,22.1,2024-04-01T00:00:00Z,Wheat,300.0,2025-04-10T15:38:14.088910,Lahore,30.0,55,4.5,2025-04-10T15:38:10.900480,27.15,2028.4451645343313
Sindh,Maize,2023,6051.19,2211.4661975,6.761483881781104,153,1,77.0,0.7,22.1,2024-04-01T00:00:00Z,Wheat,300.0,2025-04-10T15:38:14.088910,Lahore,30.0,55,4.5,2025-04-10T15:38:10.900480,27.15,2028.4451645343313
KPK,Wheat,2022,4446.34,968.4292055000001,11.345308871934883,60,0,30.0,0.55,18.9,2024-04-01T00:00:00Z,Wheat,300.0,2025-04-10T15:38:14.088910,Lahore,30.0,55,4.5,2025-04-10T15:38:10.900480,27.15,3403.5926615804647
KPK,Wheat,2022,4446.34,968.4292055000001,11.345308871934883,60,0,30.0,0.55,18.9,2024-04-01T00:00:00Z,Wheat,300.0,2025-04-10T15:38:14.088910,Lahore,30.0,55,4.5,2025-04-10T15:38:10.900480,27.15,3403.5926615804647
KPK,Wheat,2022,4446.34,968.4292055000001,11.345308871934883,60,0,30.0,0.55,18.9,2024-04-01T00:00:00Z,Wheat,300.0,2025-04-10T15:38:14.088910,Lahore,30.0,55,4.5,2025-04-10T15:38:10.900480,27.15,3403.5926615804647
KPK,Wheat,2022,4446.34,968.4292055000001,11.345308871934883,60,0,30.0,0.55,18.9,2024-04-01T00:00:00Z,Wheat,300.0,2025-04-10T15:38:14.088910,Lahore,30.0,55,4.5,2025-04-10T15:38:10.900480,27.15,3403.5926615804647
KPK,Wheat,2022,4446.34,968.4292055000001,11.345308871934883,60,0,30.0,0.55,18.9,2024-04-01T00:00:00Z,Wheat,300.0,2025-04-10T15:38:14.088910,Lahore,30.0,55,4.5,2025-04-10T15:38:10.900480,27.15,3403.5926615804647
KPK,Wheat,2022,4446.34,968.4292055000001,11.345308871934883,60,0,30.0,0.55,18.9,2024-04-01T00:00:00Z,Wheat,300.0,2025-04-10T15:38:14.088910,Lahore,30.0,55,4.5,2025-04-10T15:38:10.900480,27.15,3403.5926615804647
KPK,Wheat,2022,4446.34,968.4292055000001,11.345308871934883,60,0,30.0,0.55,18.9,2024-04-01T00:00:00Z,Wheat,300.0,2025-04-10T15:38:14.088910,Lahore,30.0,55,4.5,2025-04-10T15:38:10.900480,27.15,3403.5926615804647
KPK,Wheat,2022,4446.34,968.4292055000001,11.345308871934883,60,0,30.0,0.55,18.9,2024-04-01T00:00:00Z,Wheat,300.0,2025-04-10T15:38:14.088910,Lahore,30.0,55,4.5,2025-04-10T15:38:10.900480,27.15,3403.5926615804647
KPK,Wheat,2022,4446.34,968.4292055000001,11.345308871934883,60,0,30.0,0.55,18.9,2024-04-01T00:00:00Z,Wheat,300.0,2025-04-10T15:38:14.088910,Lahore,30.0,55,4.5,2025-04-10T15:38:10.900480,27.15,3403.5926615804647
Sindh,Rice,2019,7495.57,2263.8524575,8.181596900070948,153,1,77.0,0.7,22.1,2024-04-01T00:00:00Z,Wheat,300.0,2025-04-10T15:38:14.088910,Lahore,30.0,55,4.5,2025-04-10T15:38:10.900480,27.15,2454.4790700212843
Sindh,Rice,2019,7495.57,2263.8524575,8.181596900070948,153,1,77.0,0.7,22.1,2024-04-01T00:00:00Z,Wheat,300.0,2025-04-10T15:38:14.088910,Lahore,30.0,55,4.5,2025-04-10T15:38:10.900480,27.15,2454.4790700212843
Sindh,Rice,2019,7495.57,2263.8524575,8.181596900070948,153,1,77.0,0.7,22.1,2024-04-01T00:00:00Z,Wheat,300.0,2025-04-10T15:38:14.088910,Lahore,30.0,55,4.5,2025-04-10T15:38:10.900480,27.15,2454.4790700212843
Sindh,Rice,2019,7495.57,2263.8524575,8.181596900070948,153,1,77.0,0.7,22.1,2024-04-01T00:00:00Z,Wheat,300.0,2025-04-10T15:38:14.088910,Lahore,30.0,55,4.5,2025-04-10T15:38:10.900480,27.15,2454.4790700212843
Sindh,Rice,2019,7495.57,2263.8524575,8.181596900070948,153,1,77.0,0.7,22.1,2024-04-01T00:00:00Z,Wheat,300.0,2025-04-10T15:38:14.088910,Lahore,30.0,55,4.5,2025-04-10T15:38:10.900480,27.15,2454.4790700212843
Sindh,Rice,2019,7495.57,2263.8524575,8.181596900070948,153,1,77.0,0.7,22.1,2024-04-01T00:00:00Z,Wheat,300.0,2025-04-10T15:38:14.088910,Lahore,30.0,55,4.5,2025-04-10T15:38:10.900480,27.15,2454.4790700212843
Sindh,Rice,2019,7495.57,2263.8524575,8.181596900070948,153,1,77.0,0.7,22.1,2024-04-01T00:00:00Z,Wheat,300.0,2025-04-10T15:38:14.088910,Lahore,30.0,55,4.5,2025-04-10T15:38:10.900480,27.15,2454.4790700212843
Sindh,Rice,2019,7495.57,2263.8524575,8.181596900070948,153,1,77.0,0.7,22.1,2024-04-01T00:00:00Z,Wheat,300.0,2025-04-10T15:38:14.088910,Lahore,30.0,55,4.5,2025-04-10T15:38:10.900480,27.15,2454.4790700212843
Sindh,Rice,2019,7495.57,2263.8524575,8.181596900070948,153,1,77.0,0.7,22.1,2024-04-01T00:00:00Z,Wheat,300.0,2025-04-10T15:38:14.088910,Lahore,30.0,55,4.5,2025-04-10T15:38:10.900480,27.15,2454.4790700212843
Sindh,Wheat,2022,3123.86,852.314566,9.056766786501218,153,1,77.0,0.7,22.1,2024-04-01T00:00:00Z,Wheat,300.0,2025-04-10T15:38:14.088910,Lahore,30.0,55,4.5,2025-04-10T15:38:10.900480,27.15,2717.0300359503653
Sindh,Wheat,2022,3123.86,852.314566,9.056766786501218,153,1,77.0,0.7,22.1,2024-04-01T00:00:00Z,Wheat,300.0,2025-04-10T15:38:14.088910,Lahore,30.0,55,4.5,2025-04-10T15:38:10.900480,27.15,2717.0300359503653
Sindh,Wheat,2022,3123.86,852.314566,9.056766786501218,153,1,77.0,0.7,22.1,2024-04-01T00:00:00Z,Wheat,300.0,2025-04-10T15:38:14.088910,Lahore,30.0,55,4.5,2025-04-10T15:38:10.900480,27.15,2717.0300359503653
Sindh,Wheat,2022,3123.86,852.314566,9.056766786501218,153,1,77.0,0.7,22.1,2024-04-01T00:00:00Z,Wheat,300.0,2025-04-10T15:38:14.088910,Lahore,30.0,55,4.5,2025-04-10T15:38:10.900480,27.15,2717.0300359503653
Sindh,Wheat,2022,3123.86,852.314566,9.056766786501218,153,1,77.0,0.7,22.1,2024-04-01T00:00:00Z,Wheat,300.0,2025-04-10T15:38:14.088910,Lahore,30.0,55,4.5,2025-04-10T15:38:10.900480,27.15,2717.0300359503653
Sindh,Wheat,2022,3123.86,852.314566,9.056766786501218,153,1,77.0,0.7,22.1,2024-04-01T00:00:00Z,Wheat,300.0,2025-04-10T15:38:14.088910,Lahore,30.0,55,4.5,2025-04-10T15:38:10.900480,27.15,2717.0300359503653
Sindh,Wheat,2022,3123.86,852.314566,9.056766786501218,153,1,77.0,0.7,22.1,2024-04-01T00:00:00Z,Wheat,300.0,2025-04-10T15:38:14.088910,Lahore,30.0,55,4.5,2025-04-10T15:38:10.900480,27.15,2717.0300359503653
Sindh,Wheat,2022,3123.86,852.314566,9.056766786501218,153,1,77.0,0.7,22.1,2024-04-01T00:00:00Z,Wheat,300.0,2025-04-10T15:38:14.088910,Lahore,30.0,55,4.5,2025-04-10T15:38:10.900480,27.15,2717.0300359503653
Sindh,Wheat,2022,3123.86,852.314566,9.056766786501218,153,1,77.0,0.7,22.1,2024-04-01T00:00:00Z,Wheat,300.0,2025-04-10T15:38:14.088910,Lahore,30.0,55,4.5,2025-04-10T15:38:10.900480,27.15,2717.0300359503653
KPK,Rice,2023,3304.61,1687.529466,4.838941603701752,60,0,30.0,0.55,18.9,2024-04-01T00:00:00Z,Wheat,300.0,2025-04-10T15:38:14.088910,Lahore,30.0,55,4.5,2025-04-10T15:38:10.900480,27.15,1451.6824811105255
KPK,Rice,2023,3304.61,1687.529466,4.838941603701752,60,0,30.0,0.55,18.9,2024-04-01T00:00:00Z,Wheat,300.0,2025-04-10T15:38:14.088910,Lahore,30.0,55,4.5,2025-04-10T15:38:10.900480,27.15,1451.6824811105255
KPK,Rice,2023,3304.61,1687.529466,4.838941603701752,60,0,30.0,0.55,18.9,2024-04-01T00:00:00Z,Wheat,300.0,2025-04-10T15:38:14.088910,Lahore,30.0,55,4.5,2025-04-10T15:38:10.900480,27.15,1451.6824811105255
KPK,Rice,2023,3304.61,1687.529466,4.838941603701752,60,0,30.0,0.55,18.9,2024-04-01T00:00:00Z,Wheat,300.0,2025-04-10T15:38:14.088910,Lahore,30.0,55,4.5,2025-04-10T15:38:10.900480,27.15,1451.6824811105255
KPK,Rice,2023,3304.61,1687.529466,4.838941603701752,60,0,30.0,0.55,18.9,2024-04-01T00:00:00Z,Wheat,300.0,2025-04-10T15:38:14.088910,Lahore,30.0,55,4.5,2025-04-10T15:38:10.900480,27.15,1451.6824811105255
KPK,Rice,2023,3304.61,1687.529466,4.838941603701752,60,0,30.0,0.55,18.9,2024-04-01T00:00:00Z,Wheat,300.0,2025-04-10T15:38:14.088910,Lahore,30.0,55,4.5,2025-04-10T15:38:10.900480,27.15,1451.6824811105255
KPK,Rice,2023,3304.61,1687.529466,4.838941603701752,60,0,30.0,0.55,18.9,2024-04-01T00:00:00Z,Wheat,300.0,2025-04-10T15:38:14.088910,Lahore,30.0,55,4.5,2025-04-10T15:38:10.900480,27.15,1451.6824811105255
KPK,Rice,2023,3304.61,1687.529466,4.838941603701752,60,0,30.0,0.55,18.9,2024-04-01T00:00:00Z,Wheat,300.0,2025-04-10T15:38:14.088910,Lahore,30.0,55,4.5,2025-04-10T15:38:10.900480,27.15,1451.6824811105255
KPK,Rice,2023,3304.61,1687.529466,4.838941603701752,60,0,30.0,0.55,18.9,2024-04-01T00:00:00Z,Wheat,300.0,2025-04-10T15:38:14.088910,Lahore,30.0,55,4.5,2025-04-10T15:38:10.900480,27.15,1451.6824811105255
KPK,Rice,2023,1363.9,248.2663935,13.575196576092367,60,0,30.0,0.55,18.9,2024-04-01T00:00:00Z,Wheat,300.0,2025-04-10T15:38:14.088910,Lahore,30.0,55,4.5,2025-04-10T15:38:10.900480,27.15,4072.55897282771
KPK,Rice,2023,1363.9,248.2663935,13.575196576092367,60,0,30.0,0.55,18.9,2024-04-01T00:00:00Z,Wheat,300.0,2025-04-10T15:38:14.088910,Lahore,30.0,55,4.5,2025-04-10T15:38:10.900480,27.15,4072.55897282771
KPK,Rice,2023,1363.9,248.2663935,13.575196576092367,60,0,30.0,0.55,18.9,2024-04-01T00:00:00Z,Wheat,300.0,2025-04-10T15:38:14.088910,Lahore,30.0,55,4.5,2025-04-10T15:38:10.900480,27.15,4072.55897282771
KPK,Rice,2023,1363.9,248.2663935,13.575196576092367,60,0,30.0,0.55,18.9,2024-04-01T00:00:00Z,Wheat,300.0,2025-04-10T15:38:14.088910,Lahore,30.0,55,4.5,2025-04-10T15:38:10.900480,27.15,4072.55897282771
KPK,Rice,2023,1363.9,248.2663935,13.575196576092367,60,0,30.0,0.55,18.9,2024-04-01T00:00:00Z,Wheat,300.0,2025-04-10T15:38:14.088910,Lahore,30.0,55,4.5,2025-04-10T15:38:10.900480,27.15,4072.55897282771
KPK,Rice,2023,1363.9,248.2663935,13.575196576092367,60,0,30.0,0.55,18.9,2024-04-01T00:00:00Z,Wheat,300.0,2025-04-10T15:38:14.088910,Lahore,30.0,55,4.5,2025-04-10T15:38:10.900480,27.15,4072.55897282771
KPK,Rice,2023,1363.9,248.2663935,13.575196576092367,60,0,30.0,0.55,18.9,2024-04-01T00:00:00Z,Wheat,300.0,2025-04-10T15:38:14.088910,Lahore,30.0,55,4.5,2025-04-10T15:38:10.900480,27.15,4072.55897282771
KPK,Rice,2023,1363.9,248.2663935,13.575196576092367,60,0,30.0,0.55,18.9,2024-04-01T00:00:00Z,Wheat,300.0,2025-04-10T15:38:14.088910,Lahore,30.0,55,4.5,2025-04-10T15:38:10.900480,27.15,4072.55897282771
KPK,Rice,2023,1363.9,248.2663935,13.575196576092367,60,0,30.0,0.55,18.9,2024-04-01T00:00:00Z,Wheat,300.0,2025-04-10T15:38:14.088910,Lahore,30.0,55,4.5,2025-04-10T15:38:10.900480,27.15,4072.55897282771
